-- phpMyAdmin SQL Dump
-- version 5.2.0
-- https://www.phpmyadmin.net/
--
-- Host: 127.0.0.1
-- Generation Time: Nov 29, 2023 at 08:52 AM
-- Server version: 10.4.27-MariaDB
-- PHP Version: 8.2.0

SET SQL_MODE = "NO_AUTO_VALUE_ON_ZERO";
START TRANSACTION;
SET time_zone = "+00:00";


/*!40101 SET @OLD_CHARACTER_SET_CLIENT=@@CHARACTER_SET_CLIENT */;
/*!40101 SET @OLD_CHARACTER_SET_RESULTS=@@CHARACTER_SET_RESULTS */;
/*!40101 SET @OLD_COLLATION_CONNECTION=@@COLLATION_CONNECTION */;
/*!40101 SET NAMES utf8mb4 */;

--
-- Database: `aws_database`
--

-- --------------------------------------------------------

--
-- Table structure for table `courses`
--

CREATE TABLE `courses` (
  `course_id` int(11) NOT NULL,
  `course_name` varchar(100) DEFAULT NULL,
  `credits` int(11) DEFAULT NULL
) ENGINE=InnoDB DEFAULT CHARSET=utf8mb4 COLLATE=utf8mb4_general_ci;

--
-- Dumping data for table `courses`
--

INSERT INTO `courses` (`course_id`, `course_name`, `credits`) VALUES
(101, 'Cloud Foundations', 45),
(102, 'Linux', 50),
(103, 'Networking', 35),
(104, 'Security', 30),
(105, 'Python Programming', 50),
(106, 'Databases', 55);

-- --------------------------------------------------------

--
-- Table structure for table `enrollments`
--

CREATE TABLE `enrollments` (
  `enrollment_id` int(11) NOT NULL,
  `student_id` int(11) DEFAULT NULL,
  `course_id` int(11) DEFAULT NULL
) ENGINE=InnoDB DEFAULT CHARSET=utf8mb4 COLLATE=utf8mb4_general_ci;

--
-- Dumping data for table `enrollments`
--

INSERT INTO `enrollments` (`enrollment_id`, `student_id`, `course_id`) VALUES
(1, 1, 106),
(2, 2, 105),
(3, 3, 102),
(4, 4, 103),
(5, 5, 101),
(6, 1, 105),
(7, 2, 101),
(8, 1, 102);

-- --------------------------------------------------------

--
-- Table structure for table `students`
--

CREATE TABLE `students` (
  `student_id` int(11) NOT NULL,
  `name` varchar(50) DEFAULT NULL,
  `date_of_birth` date DEFAULT NULL,
  `grade_level` int(11) DEFAULT NULL
) ENGINE=InnoDB DEFAULT CHARSET=utf8mb4 COLLATE=utf8mb4_general_ci;

--
-- Dumping data for table `students`
--

INSERT INTO `students` (`student_id`, `name`, `date_of_birth`, `grade_level`) VALUES
(1, 'Jennie Paitan', '2000-12-29', 4),
(2, 'Ian Paitan', '2004-01-21', 2),
(3, 'Ira Tajanlangit', '2000-08-29', 4),
(4, 'Claire Elomina', '2002-03-08', 3),
(5, 'Jheng Elomina', '1998-07-24', 4);

--
-- Indexes for dumped tables
--

--
-- Indexes for table `courses`
--
ALTER TABLE `courses`
  ADD PRIMARY KEY (`course_id`);

--
-- Indexes for table `enrollments`
--
ALTER TABLE `enrollments`
  ADD PRIMARY KEY (`enrollment_id`),
  ADD KEY `student_id` (`student_id`),
  ADD KEY `course_id` (`course_id`);

--
-- Indexes for table `students`
--
ALTER TABLE `students`
  ADD PRIMARY KEY (`student_id`);

--
-- Constraints for dumped tables
--

--
-- Constraints for table `enrollments`
--
ALTER TABLE `enrollments`
  ADD CONSTRAINT `enrollments_ibfk_1` FOREIGN KEY (`student_id`) REFERENCES `students` (`student_id`),
  ADD CONSTRAINT `enrollments_ibfk_2` FOREIGN KEY (`course_id`) REFERENCES `courses` (`course_id`);
COMMIT;

/*!40101 SET CHARACTER_SET_CLIENT=@OLD_CHARACTER_SET_CLIENT */;
/*!40101 SET CHARACTER_SET_RESULTS=@OLD_CHARACTER_SET_RESULTS */;
/*!40101 SET COLLATION_CONNECTION=@OLD_COLLATION_CONNECTION */;
