-- phpMyAdmin SQL Dump
-- version 5.2.0
-- https://www.phpmyadmin.net/
--
-- Host: 127.0.0.1
-- Generation Time: Nov 30, 2023 at 02:15 AM
-- Server version: 10.4.27-MariaDB
-- PHP Version: 8.2.0

SET SQL_MODE = "NO_AUTO_VALUE_ON_ZERO";
START TRANSACTION;
SET time_zone = "+00:00";


/*!40101 SET @OLD_CHARACTER_SET_CLIENT=@@CHARACTER_SET_CLIENT */;
/*!40101 SET @OLD_CHARACTER_SET_RESULTS=@@CHARACTER_SET_RESULTS */;
/*!40101 SET @OLD_COLLATION_CONNECTION=@@COLLATION_CONNECTION */;
/*!40101 SET NAMES utf8mb4 */;

--
-- Database: `db_activity`
--

-- --------------------------------------------------------

--
-- Table structure for table `courses`
--

CREATE TABLE `courses` (
  `course_id` int(11) NOT NULL,
  `course_name` varchar(100) DEFAULT NULL,
  `credits` int(11) DEFAULT NULL,
  `department_id` int(11) DEFAULT NULL
) ENGINE=InnoDB DEFAULT CHARSET=utf8mb4 COLLATE=utf8mb4_general_ci;

--
-- Dumping data for table `courses`
--

INSERT INTO `courses` (`course_id`, `course_name`, `credits`, `department_id`) VALUES
(101, 'Cloud Foundations', 45, 1),
(102, 'Linux', 50, 2),
(103, 'Calculus 1', 55, 1),
(104, 'Chemistry', 30, 2),
(105, 'Python Programming', 50, 1),
(106, 'Databases', 55, 2);

-- --------------------------------------------------------

--
-- Table structure for table `departments`
--

CREATE TABLE `departments` (
  `department_id` int(11) NOT NULL,
  `department_name` varchar(50) DEFAULT NULL
) ENGINE=InnoDB DEFAULT CHARSET=utf8mb4 COLLATE=utf8mb4_general_ci;

--
-- Dumping data for table `departments`
--

INSERT INTO `departments` (`department_id`, `department_name`) VALUES
(1, 'ICT Department'),
(2, 'Engineering Department');

-- --------------------------------------------------------

--
-- Table structure for table `enrollments`
--

CREATE TABLE `enrollments` (
  `enrollment_id` int(11) NOT NULL,
  `student_id` int(11) DEFAULT NULL,
  `course_id` int(11) DEFAULT NULL,
  `teacher_id` int(11) DEFAULT NULL
) ENGINE=InnoDB DEFAULT CHARSET=utf8mb4 COLLATE=utf8mb4_general_ci;

--
-- Dumping data for table `enrollments`
--

INSERT INTO `enrollments` (`enrollment_id`, `student_id`, `course_id`, `teacher_id`) VALUES
(1, 1, 106, 1),
(2, 2, 103, 2),
(3, 3, 101, 1),
(4, 4, 104, 2),
(5, 5, 103, 2),
(6, 1, 102, 1),
(7, 2, 104, 2),
(8, 3, 105, 1),
(9, 4, 103, 2),
(10, 5, 105, 1),
(11, 1, 105, 1);

-- --------------------------------------------------------

--
-- Table structure for table `students`
--

CREATE TABLE `students` (
  `student_id` int(11) NOT NULL,
  `name` varchar(50) DEFAULT NULL,
  `date_of_birth` date DEFAULT NULL,
  `grade_level` int(11) DEFAULT NULL
) ENGINE=InnoDB DEFAULT CHARSET=utf8mb4 COLLATE=utf8mb4_general_ci;

--
-- Dumping data for table `students`
--

INSERT INTO `students` (`student_id`, `name`, `date_of_birth`, `grade_level`) VALUES
(1, 'Jennie Paitan', '2000-12-29', 4),
(2, 'Ian Paitan', '2004-01-21', 2),
(3, 'Ira Tajanlangit', '2000-08-29', 4),
(4, 'Claire Elomina', '2002-03-08', 3),
(5, 'Jheng Elomina', '1998-07-24', 4);

-- --------------------------------------------------------

--
-- Table structure for table `teachers`
--

CREATE TABLE `teachers` (
  `teacher_id` int(11) NOT NULL,
  `teacher_name` varchar(50) DEFAULT NULL,
  `department_id` int(11) DEFAULT NULL
) ENGINE=InnoDB DEFAULT CHARSET=utf8mb4 COLLATE=utf8mb4_general_ci;

--
-- Dumping data for table `teachers`
--

INSERT INTO `teachers` (`teacher_id`, `teacher_name`, `department_id`) VALUES
(1, 'Professor Shem', 1),
(2, 'Professor Erwin', 2);

--
-- Indexes for dumped tables
--

--
-- Indexes for table `courses`
--
ALTER TABLE `courses`
  ADD PRIMARY KEY (`course_id`),
  ADD KEY `department_id` (`department_id`);

--
-- Indexes for table `departments`
--
ALTER TABLE `departments`
  ADD PRIMARY KEY (`department_id`);

--
-- Indexes for table `enrollments`
--
ALTER TABLE `enrollments`
  ADD PRIMARY KEY (`enrollment_id`),
  ADD KEY `student_id` (`student_id`),
  ADD KEY `course_id` (`course_id`),
  ADD KEY `teacher_id` (`teacher_id`);

--
-- Indexes for table `students`
--
ALTER TABLE `students`
  ADD PRIMARY KEY (`student_id`);

--
-- Indexes for table `teachers`
--
ALTER TABLE `teachers`
  ADD PRIMARY KEY (`teacher_id`),
  ADD KEY `department_id` (`department_id`);

--
-- Constraints for dumped tables
--

--
-- Constraints for table `courses`
--
ALTER TABLE `courses`
  ADD CONSTRAINT `courses_ibfk_1` FOREIGN KEY (`department_id`) REFERENCES `departments` (`department_id`);

--
-- Constraints for table `enrollments`
--
ALTER TABLE `enrollments`
  ADD CONSTRAINT `enrollments_ibfk_1` FOREIGN KEY (`student_id`) REFERENCES `students` (`student_id`),
  ADD CONSTRAINT `enrollments_ibfk_2` FOREIGN KEY (`course_id`) REFERENCES `courses` (`course_id`),
  ADD CONSTRAINT `enrollments_ibfk_3` FOREIGN KEY (`teacher_id`) REFERENCES `teachers` (`teacher_id`);

--
-- Constraints for table `teachers`
--
ALTER TABLE `teachers`
  ADD CONSTRAINT `teachers_ibfk_1` FOREIGN KEY (`department_id`) REFERENCES `departments` (`department_id`);
COMMIT;

/*!40101 SET CHARACTER_SET_CLIENT=@OLD_CHARACTER_SET_CLIENT */;
/*!40101 SET CHARACTER_SET_RESULTS=@OLD_CHARACTER_SET_RESULTS */;
/*!40101 SET COLLATION_CONNECTION=@OLD_COLLATION_CONNECTION */;
